
  GET|HEAD  / ................................................................................... 
  POST      accessoraty/banners . accessoraty.banners.store › AccessoratyBannerAdController@store
  DELETE    accessoraty/banners/{id} accessoraty.banners.destroy › AccessoratyBannerAdController…
  POST      accessoraty/shops ......... accessoraty.shops.store › AccessoratyShopController@store
  DELETE    accessoraty/shops/{id} accessoraty.shops.destroy › AccessoratyShopController@destroy
  POST      accessoraty/videos accessoraty.videos.store › AccessoratySponsorVideoController@store
  DELETE    accessoraty/videos/{id} accessoraty.videos.destroy › AccessoratySponsorVideoControll…
  GET|HEAD  admin ................... filament.admin.pages.dashboard › Filament\Pages › Dashboard
  GET|HEAD  admin/accessoraty-courses-dashboard-page filament.admin.pages.accessoraty-courses-da…
  GET|HEAD  admin/accessoraty-courses-manager-page filament.admin.pages.accessoraty-courses-mana…
  GET|HEAD  admin/accessoraty-directory-page filament.admin.pages.accessoraty-directory-page › A…
  GET|HEAD  admin/accessoraty-learning-page filament.admin.pages.accessoraty-learning-page › App…
  GET|HEAD  admin/bazzaraty-booking-page filament.admin.pages.bazzaraty-booking-page › App\Filam…
  GET|HEAD  admin/bazzaraty-calendar-page filament.admin.pages.bazzaraty-calendar-page › App\Fil…
  GET|HEAD  admin/bazzaraty-info-page filament.admin.pages.bazzaraty-info-page › App\Filament\Pa…
  GET|HEAD  admin/bazzaraty-participation-page filament.admin.pages.bazzaraty-participation-page…
  GET|HEAD  admin/be-ready-to-welcome-page filament.admin.pages.be-ready-to-welcome-page › App\F…
  GET|HEAD  admin/beauty-experts-page filament.admin.pages.beauty-experts-page › App\Filament\Pa…
  GET|HEAD  admin/beauty-shops-directory-page filament.admin.pages.beauty-shops-directory-page  …
  GET|HEAD  admin/beauty-trends-page filament.admin.pages.beauty-trends-page › App\Filament\Page…
  GET|HEAD  admin/calendar-page filament.admin.pages.calendar-page › App\Filament\Pages\Rehlaaty…
  GET|HEAD  admin/catering-services-page filament.admin.pages.catering-services-page › App\Filam…
  GET|HEAD  admin/dashboard ....... filament.admin.pages.dashboard › App\Filament\Pages\Dashboard
  GET|HEAD  admin/designers filament.admin.resources.designers.index › App\Filament\Resources\De…
  GET|HEAD  admin/designers/create filament.admin.resources.designers.create › App\Filament\Reso…
  GET|HEAD  admin/designers/{record}/edit filament.admin.resources.designers.edit › App\Filament…
  GET|HEAD  admin/dj-performers-page filament.admin.pages.dj-performers-page › App\Filament\Page…
  GET|HEAD  admin/doctor-follow-up-page filament.admin.pages.doctor-follow-up-page › App\Filamen…
  GET|HEAD  admin/family-advice filament.admin.pages.family-advice › App\Filament\Pages\FamilyAd…
  GET|HEAD  admin/fashion-trends-page filament.admin.pages.fashion-trends-page › App\Filament\Pa…
  GET|HEAD  admin/fashionista-videos filament.admin.resources.fashionista-videos.index › App\Fil…
  GET|HEAD  admin/fashionista-videos/create filament.admin.resources.fashionista-videos.create  …
  GET|HEAD  admin/fashionista-videos/{record}/edit filament.admin.resources.fashionista-videos.e…
  GET|HEAD  admin/flower-decorators-page filament.admin.pages.flower-decorators-page › App\Filam…
  GET|HEAD  admin/hair-stylists-page filament.admin.pages.hair-stylists-page › App\Filament\Page…
  GET|HEAD  admin/hotels-page filament.admin.pages.hotels-page › App\Filament\Pages\Rehlaaty\Hot…
  GET|HEAD  admin/how-to-be-mom ................ how-to-be-mom.index › HowToBeMomController@index
  GET|HEAD  admin/how-to-be-mom-page filament.admin.pages.how-to-be-mom-page › App\Filament\Page…
  POST      admin/how-to-be-mom/expert-advice how-to-be-mom.expert-advice.store › HowToBeMomCont…
  GET|HEAD  admin/how-to-be-mom/expert-advice how-to-be-mom.expert-advice.get › HowToBeMomContro…
  POST      admin/how-to-be-mom/grandma-advice how-to-be-mom.grandma-advice.store › HowToBeMomCo…
  GET|HEAD  admin/how-to-be-mom/grandma-advice how-to-be-mom.grandma-advice.get › HowToBeMomCont…
  POST      admin/how-to-be-mom/podcast how-to-be-mom.podcast.store › HowToBeMomController@store…
  GET|HEAD  admin/how-to-be-mom/podcast how-to-be-mom.podcast.get › HowToBeMomController@getPodc…
  GET|HEAD  admin/how-to-be-mom/stats ....... how-to-be-mom.stats › HowToBeMomController@getStats
  GET|HEAD  admin/login ...................... filament.admin.auth.login › Filament\Pages › Login
  POST      admin/logout .......... filament.admin.auth.logout › Filament\Http › LogoutController
  GET|HEAD  admin/main-screen-elements filament.admin.resources.main-screen-elements.index › App…
  GET|HEAD  admin/main-screen-elements/create filament.admin.resources.main-screen-elements.crea…
  GET|HEAD  admin/main-screen-elements/{record}/edit filament.admin.resources.main-screen-elemen…
  GET|HEAD  admin/makeup-artists-page filament.admin.pages.makeup-artists-page › App\Filament\Pa…
  GET|HEAD  admin/moda-tips filament.admin.resources.moda-tips.index › App\Filament\Resources\Mo…
  GET|HEAD  admin/moda-tips/create filament.admin.resources.moda-tips.create › App\Filament\Reso…
  GET|HEAD  admin/moda-tips/{record}/edit filament.admin.resources.moda-tips.edit › App\Filament…
  GET|HEAD  admin/my-family-day filament.admin.pages.my-family-day › App\Filament\Pages\MyFamily…
  GET|HEAD  admin/my-family-health filament.admin.pages.my-family-health › App\Filament\Pages\My…
  GET|HEAD  admin/my-kitchen/be-the-chef filament.admin.pages.my-kitchen.be-the-chef › App\Filam…
  GET|HEAD  admin/my-kitchen/catering filament.admin.pages.my-kitchen.catering › App\Filament\Pa…
  GET|HEAD  admin/my-kitchen/home-made-food filament.admin.pages.my-kitchen.home-made-food › App…
  GET|HEAD  admin/my-kitchen/plate-of-the-day filament.admin.pages.my-kitchen.plate-of-the-day  …
  GET|HEAD  admin/nail-lash-specialists-page filament.admin.pages.nail-lash-specialists-page › A…
  GET|HEAD  admin/nutrition-doctors-page filament.admin.pages.nutrition-doctors-page › App\Filam…
  GET|HEAD  admin/plastic-surgeons-page filament.admin.pages.plastic-surgeons-page › App\Filamen…
  GET|HEAD  admin/promotion-videos-page filament.admin.pages.promotion-videos-page › App\Filamen…
  GET|HEAD  admin/sehati/doctors filament.admin.resources.sehati.doctors.index › App\Filament\Re…
  GET|HEAD  admin/sehati/doctors/create filament.admin.resources.sehati.doctors.create › App\Fil…
  GET|HEAD  admin/sehati/doctors/{record}/edit filament.admin.resources.sehati.doctors.edit › Ap…
  GET|HEAD  admin/sehati/gov-initiatives filament.admin.resources.sehati.gov-initiatives.index  …
  GET|HEAD  admin/sehati/gov-initiatives/create filament.admin.resources.sehati.gov-initiatives.…
  GET|HEAD  admin/sehati/gov-initiatives/{record}/edit filament.admin.resources.sehati.gov-initi…
  GET|HEAD  admin/sehati/health-tips filament.admin.resources.sehati.health-tips.index › App\Fil…
  GET|HEAD  admin/sehati/health-tips/create filament.admin.resources.sehati.health-tips.create  …
  GET|HEAD  admin/sehati/health-tips/{record}/edit filament.admin.resources.sehati.health-tips.e…
  GET|HEAD  admin/sehati/hospital-donations filament.admin.resources.sehati.hospital-donations.i…
  GET|HEAD  admin/sehati/hospital-donations/create filament.admin.resources.sehati.hospital-dona…
  GET|HEAD  admin/sehati/hospital-donations/{record}/edit filament.admin.resources.sehati.hospit…
  GET|HEAD  admin/sehati/hospitals filament.admin.resources.sehati.hospitals.index › App\Filamen…
  GET|HEAD  admin/sehati/hospitals/create filament.admin.resources.sehati.hospitals.create › App…
  GET|HEAD  admin/sehati/hospitals/{record}/edit filament.admin.resources.sehati.hospitals.edit …
  GET|HEAD  admin/sehati/pandemic-alerts filament.admin.resources.sehati.pandemic-alerts.index  …
  GET|HEAD  admin/sehati/pandemic-alerts/create filament.admin.resources.sehati.pandemic-alerts.…
  GET|HEAD  admin/sehati/pandemic-alerts/{record}/edit filament.admin.resources.sehati.pandemic-…
  GET|HEAD  admin/sehati/pharmacies filament.admin.resources.sehati.pharmacies.index › App\Filam…
  GET|HEAD  admin/sehati/pharmacies/create filament.admin.resources.sehati.pharmacies.create › A…
  GET|HEAD  admin/sehati/pharmacies/{record}/edit filament.admin.resources.sehati.pharmacies.edi…
  GET|HEAD  admin/settings filament.admin.resources.settings.index › App\Filament\Resources\Sett…
  GET|HEAD  admin/settings/branding filament.admin.resources.settings.branding › App\Filament\Re…
  GET|HEAD  admin/settings/{record}/edit filament.admin.resources.settings.edit › App\Filament\R…
  GET|HEAD  admin/skin-care-doctors-page filament.admin.pages.skin-care-doctors-page › App\Filam…
  GET|HEAD  admin/spa-clinics-page filament.admin.pages.spa-clinics-page › App\Filament\Pages\Sp…
  GET|HEAD  admin/tailors filament.admin.resources.tailors.index › App\Filament\Resources\Tailor…
  GET|HEAD  admin/tailors/create filament.admin.resources.tailors.create › App\Filament\Resource…
  GET|HEAD  admin/tailors/{record}/edit filament.admin.resources.tailors.edit › App\Filament\Res…
  GET|HEAD  admin/tourism-offices-page filament.admin.pages.tourism-offices-page › App\Filament\…
  GET|HEAD  admin/training-videos-page filament.admin.pages.training-videos-page › App\Filament\…
  GET|HEAD  admin/travel-offers-page filament.admin.pages.travel-offers-page › App\Filament\Page…
  GET|HEAD  admin/umomi-page ..... filament.admin.pages.umomi-page › App\Filament\Pages\UmomiPage
  GET|HEAD  admin/users filament.admin.resources.users.index › App\Filament\Resources\UserResour…
  GET|HEAD  admin/users/create filament.admin.resources.users.create › App\Filament\Resources\Us…
  GET|HEAD  admin/users/{record}/edit filament.admin.resources.users.edit › App\Filament\Resourc…
  POST      admin/wedding-dress-designers wedding-dress-designers.store › WeddingDressDesignerCo…
  GET|HEAD  admin/wedding-dress-designers-page filament.admin.pages.wedding-dress-designers-page…
  POST      admin/wedding-dress-designers/banner wedding-dress-designers.banner.store › WeddingD…
  DELETE    admin/wedding-dress-designers/banner/{banner} wedding-dress-designers.banner.destroy…
  POST      admin/wedding-dress-designers/offer wedding-dress-designers.offer.store › WeddingDre…
  DELETE    admin/wedding-dress-designers/offer/{offer} wedding-dress-designers.offer.destroy › …
  POST      admin/wedding-dress-designers/reference wedding-dress-designers.reference.store › We…
  DELETE    admin/wedding-dress-designers/reference/{reference} wedding-dress-designers.referenc…
  POST      admin/wedding-dress-designers/video-ad wedding-dress-designers.video-ad.store › Wedd…
  DELETE    admin/wedding-dress-designers/video-ad/{videoAd} wedding-dress-designers.video-ad.de…
  PUT       admin/wedding-dress-designers/{designer} wedding-dress-designers.update › WeddingDre…
  DELETE    admin/wedding-dress-designers/{designer} wedding-dress-designers.destroy › WeddingDr…
  GET|HEAD  admin/wedding-gift-suppliers-page filament.admin.pages.wedding-gift-suppliers-page  …
  GET|HEAD  admin/wedding-hair-stylists-page filament.admin.pages.wedding-hair-stylists-page › A…
  GET|HEAD  admin/wedding-photographers-page filament.admin.pages.wedding-photographers-page › A…
  GET|HEAD  admin/wedding-planners-page filament.admin.pages.wedding-planners-page › App\Filamen…
  GET|HEAD  admin/wedding-venues-page filament.admin.pages.wedding-venues-page › App\Filament\Pa…
  GET|HEAD  admin/week-by-week-care-page filament.admin.pages.week-by-week-care-page › App\Filam…
  GET|HEAD  admin/welcome-baby-page filament.admin.pages.welcome-baby-page › App\Filament\Pages\…
  GET|HEAD  admin/women-camps-page filament.admin.pages.women-camps-page › App\Filament\Pages\Re…
  POST      beauty-shops ........................ beauty-shops.store › BeautyShopController@store
  POST      beauty-shops/banner .... beauty-shops.banner.store › BeautyShopController@storeBanner
  DELETE    beauty-shops/banner/{id} beauty-shops.banner.destroy › BeautyShopController@destroyB…
  POST      beauty-shops/video ....... beauty-shops.video.store › BeautyShopController@storeVideo
  DELETE    beauty-shops/video/{id} beauty-shops.video.destroy › BeautyShopController@destroyVid…
  DELETE    beauty-shops/{id} ............... beauty-shops.destroy › BeautyShopController@destroy
  POST      beauty-trends/tip ......... beauty-trends.tip.store › BeautyTrendsController@storeTip
  DELETE    beauty-trends/tip/{id} beauty-trends.tip.destroy › BeautyTrendsController@destroyTip
  POST      beauty-trends/video ... beauty-trends.video.store › BeautyTrendsController@storeVideo
  DELETE    beauty-trends/video/{id} beauty-trends.video.destroy › BeautyTrendsController@destro…
  GET|HEAD  catering-services ......... catering-services.index › CateringServiceController@index
  POST      catering-services ......... catering-services.store › CateringServiceController@store
  POST      catering-services/banners catering-services.banners.store › CateringServiceControlle…
  DELETE    catering-services/banners/{id} catering-services.banners.destroy › CateringServiceCo…
  POST      catering-services/menus catering-services.menus.store › CateringServiceController@st…
  DELETE    catering-services/menus/{id} catering-services.menus.destroy › CateringServiceContro…
  POST      catering-services/packages catering-services.packages.store › CateringServiceControl…
  DELETE    catering-services/packages/{id} catering-services.packages.destroy › CateringService…
  POST      catering-services/videos catering-services.videos.store › CateringServiceController@…
  DELETE    catering-services/videos/{id} catering-services.videos.destroy › CateringServiceCont…
  PUT       catering-services/{id} .. catering-services.update › CateringServiceController@update
  DELETE    catering-services/{id} catering-services.destroy › CateringServiceController@destroy
  GET|HEAD  dj-performers ..................... dj-performers.index › DjPerformerController@index
  POST      dj-performers ..................... dj-performers.store › DjPerformerController@store
  POST      dj-performers/banners dj-performers.banners.store › DjPerformerController@storeBanner
  DELETE    dj-performers/banners/{id} dj-performers.banners.destroy › DjPerformerController@des…
  POST      dj-performers/packages dj-performers.packages.store › DjPerformerController@storePac…
  DELETE    dj-performers/packages/{id} dj-performers.packages.destroy › DjPerformerController@d…
  POST      dj-performers/video-ads dj-performers.video-ads.store › DjPerformerController@storeV…
  DELETE    dj-performers/video-ads/{id} dj-performers.video-ads.destroy › DjPerformerController…
  PUT       dj-performers/{id} .............. dj-performers.update › DjPerformerController@update
  DELETE    dj-performers/{id} ............ dj-performers.destroy › DjPerformerController@destroy
  GET|HEAD  filament/exports/{export}/download filament.exports.download › Filament\Actions › Do…
  GET|HEAD  filament/imports/{import}/failed-rows/download filament.imports.failed-rows.download…
  GET|HEAD  flower-decorators ......... flower-decorators.index › FlowerDecoratorController@index
  POST      flower-decorators ......... flower-decorators.store › FlowerDecoratorController@store
  POST      flower-decorators/packages flower-decorators.packages.store › FlowerDecoratorControl…
  DELETE    flower-decorators/packages/{id} flower-decorators.packages.destroy › FlowerDecorator…
  POST      flower-decorators/sponsor-banners flower-decorators.sponsor-banners.store › FlowerDe…
  DELETE    flower-decorators/sponsor-banners/{id} flower-decorators.sponsor-banners.destroy › F…
  POST      flower-decorators/video-ads flower-decorators.video-ads.store › FlowerDecoratorContr…
  DELETE    flower-decorators/video-ads/{id} flower-decorators.video-ads.destroy › FlowerDecorat…
  PUT       flower-decorators/{id} .. flower-decorators.update › FlowerDecoratorController@update
  DELETE    flower-decorators/{id} flower-decorators.destroy › FlowerDecoratorController@destroy
  POST      hair-stylists ..................... hair-stylists.store › HairStylistController@store
  POST      hair-stylists/video .... hair-stylists.video.store › HairStylistController@storeVideo
  DELETE    hair-stylists/video/{id} hair-stylists.video.destroy › HairStylistController@destroy…
  DELETE    hair-stylists/{id} ............ hair-stylists.destroy › HairStylistController@destroy
  GET|HEAD  livewire/livewire.js .... Livewire\Mechanisms › FrontendAssets@returnJavaScriptAsFile
  GET|HEAD  livewire/livewire.min.js.map .............. Livewire\Mechanisms › FrontendAssets@maps
  GET|HEAD  livewire/preview-file/{filename} livewire.preview-file › Livewire\Features › FilePre…
  POST      livewire/update . livewire.update › Livewire\Mechanisms › HandleRequests@handleUpdate
  POST      livewire/upload-file livewire.upload-file › Livewire\Features › FileUploadController…
  GET|HEAD  makeup-artists .................. makeup-artists.index › MakeupArtistController@index
  POST      makeup-artists .................. makeup-artists.store › MakeupArtistController@store
  DELETE    makeup-artists/{id} ......... makeup-artists.destroy › MakeupArtistController@destroy
  GET|HEAD  plastic-surgeons ............ plastic-surgeons.index › PlasticSurgeonController@index
  POST      plastic-surgeons ............ plastic-surgeons.store › PlasticSurgeonController@store
  POST      plastic-surgeons/tips ....... plastic-surgeons.tips › PlasticSurgeonController@addTip
  POST      plastic-surgeons/videos . plastic-surgeons.videos › PlasticSurgeonController@addVideo
  DELETE    plastic-surgeons/{id} ... plastic-surgeons.destroy › PlasticSurgeonController@destroy
  GET|HEAD  storage/{path} ........................................................ storage.local
  GET|HEAD  test-livewire ....................................................................... 
  GET|HEAD  up .................................................................................. 
  GET|HEAD  wedding-gift-suppliers wedding-gift-suppliers.index › WeddingGiftSupplierController@…
  POST      wedding-gift-suppliers wedding-gift-suppliers.store › WeddingGiftSupplierController@…
  POST      wedding-gift-suppliers/gallery wedding-gift-suppliers.gallery.store › WeddingGiftSup…
  DELETE    wedding-gift-suppliers/gallery/{id} wedding-gift-suppliers.gallery.destroy › Wedding…
  POST      wedding-gift-suppliers/idea wedding-gift-suppliers.idea.store › WeddingGiftSupplierC…
  DELETE    wedding-gift-suppliers/idea/{id} wedding-gift-suppliers.idea.destroy › WeddingGiftSu…
  PUT       wedding-gift-suppliers/{id} wedding-gift-suppliers.update › WeddingGiftSupplierContr…
  DELETE    wedding-gift-suppliers/{id} wedding-gift-suppliers.destroy › WeddingGiftSupplierCont…
  GET|HEAD  wedding-hair-stylists wedding-hair-stylists.index › WeddingHairStylistController@ind…
  POST      wedding-hair-stylists wedding-hair-stylists.store › WeddingHairStylistController@sto…
  PUT       wedding-hair-stylists/{id} wedding-hair-stylists.update › WeddingHairStylistControll…
  DELETE    wedding-hair-stylists/{id} wedding-hair-stylists.destroy › WeddingHairStylistControl…
  GET|HEAD  wedding-photographers wedding-photographers.index › WeddingPhotographerController@in…
  POST      wedding-photographers wedding-photographers.store › WeddingPhotographerController@st…
  POST      wedding-photographers/banners wedding-photographers.banners.store › WeddingPhotograp…
  DELETE    wedding-photographers/banners/{id} wedding-photographers.banners.destroy › WeddingPh…
  POST      wedding-photographers/packages wedding-photographers.packages.store › WeddingPhotogr…
  DELETE    wedding-photographers/packages/{id} wedding-photographers.packages.destroy › Wedding…
  POST      wedding-photographers/videos wedding-photographers.videos.store › WeddingPhotographe…
  DELETE    wedding-photographers/videos/{id} wedding-photographers.videos.destroy › WeddingPhot…
  PUT       wedding-photographers/{id} wedding-photographers.update › WeddingPhotographerControl…
  DELETE    wedding-photographers/{id} wedding-photographers.destroy › WeddingPhotographerContro…
  GET|HEAD  wedding-planners ............ wedding-planners.index › WeddingPlannerController@index
  POST      wedding-planners ............ wedding-planners.store › WeddingPlannerController@store
  DELETE    wedding-planners/{id} ... wedding-planners.destroy › WeddingPlannerController@destroy
  GET|HEAD  wedding-venues .................. wedding-venues.index › WeddingVenueController@index
  POST      wedding-venues .................. wedding-venues.store › WeddingVenueController@store
  POST      wedding-venues/banners wedding-venues.banners.store › WeddingVenueController@storeBa…
  DELETE    wedding-venues/banners/{id} wedding-venues.banners.destroy › WeddingVenueController@…
  POST      wedding-venues/menus .. wedding-venues.menus.store › WeddingVenueController@storeMenu
  DELETE    wedding-venues/menus/{id} wedding-venues.menus.destroy › WeddingVenueController@dest…
  POST      wedding-venues/packages wedding-venues.packages.store › WeddingVenueController@store…
  DELETE    wedding-venues/packages/{id} wedding-venues.packages.destroy › WeddingVenueControlle…
  POST      wedding-venues/videos wedding-venues.videos.store › WeddingVenueController@storeVideo
  DELETE    wedding-venues/videos/{id} wedding-venues.videos.destroy › WeddingVenueController@de…
  PUT       wedding-venues/{id} ........... wedding-venues.update › WeddingVenueController@update
  DELETE    wedding-venues/{id} ......... wedding-venues.destroy › WeddingVenueController@destroy

                                                                             Showing [221] routes

